,geo,year
0,US-MD-512,2020
1,US-MI-513,2020
2,US-NY-514,2020
3,US-IN-515,2020
4,US-PA-516,2020
5,US-NC-517,2020
6,US-NC-518,2020
7,US-SC-519,2020
8,US-GA-520,2020
9,US-MA-521,2020
10,US-AL-522,2020
11,US-NH-523,2020
12,US-GA-524,2020
13,US-GA-525,2020
14,US-NY-526,2020
15,US-IN-527,2020
16,US-FL-528,2020
17,US-IN-529,2020
18,US-FL-530,2020
19,US-KY-531,2020
20,US-NY-532,2020
21,US-CT-533,2020
22,US-FL-534,2020
23,US-OH-535,2020
24,US-OH-536,2020
25,US-ME-537,2020
26,US-NY-538,2020
27,US-FL-539,2020
28,US-MI-540,2020
29,US-KY-541,2020
30,US-OH-542,2020
31,US-MA-543,2020
32,US-NC-544,2020
33,US-NC-545,2020
34,US-SC-546,2020
35,US-MI-547,2020
36,US-FL-548,2020
37,US-NY-549,2020
38,US-NC-550,2020
39,US-MI-551,2020
40,US-ME-552,2020
41,US-MI-553,2020
42,US-OH-554,2020
43,US-NY-555,2020
44,US-VA-556,2020
45,US-KY-557,2020
46,US-OH-558,2020
47,US-VA-559,2020
48,US-NC-560,2020
49,US-FL-561,2020
50,US-MI-563,2020
51,US-KY-564,2020
52,US-NY-565,2020
53,US-PA-566,2020
54,US-NC-567,2020
55,US-VA-569,2020
56,US-NC-570,2020
57,US-FL-571,2020
58,US-VA-573,2020
59,US-PA-574,2020
60,US-GA-575,2020
61,US-DE-576,2020
62,US-PA-577,2020
63,US-IL-581,2020
64,US-IN-582,2020
65,US-MI-583,2020
66,US-VA-584,2020
67,US-IN-588,2020
68,US-FL-592,2020
69,US-OH-596,2020
70,US-OH-597,2020
71,US-WV-598,2020
72,US-TX-600,2020
73,US-IL-602,2020
74,US-KS-603,2020
75,US-MO-604,2020
76,US-KS-605,2020
77,US-AL-606,2020
78,US-IL-609,2020
79,US-IL-610,2020
80,US-IA-611,2020
81,US-AR-612,2020
82,US-MN-613,2020
83,US-KS-616,2020
84,US-WI-617,2020
85,US-TX-618,2020
86,US-AR-619,2020
87,US-LA-622,2020
88,US-TX-623,2020
89,US-IA-624,2020
90,US-TX-625,2020
91,US-TX-626,2020
92,US-OK-627,2020
93,US-AR-628,2020
94,US-AL-630,2020
95,US-IA-631,2020
96,US-IL-632,2020
97,US-TX-633,2020
98,US-NM-634,2020
99,US-TX-635,2020
100,US-TX-636,2020
101,US-IA-637,2020
102,US-KS-638,2020
103,US-TN-639,2020
104,US-AR-640,2020
105,US-TX-641,2020
106,US-LA-642,2020
107,US-LA-643,2020
108,US-LA-644,2020
109,US-MS-647,2020
110,US-IL-648,2020
111,US-IL-649,2020
112,US-OK-650,2020
113,US-TX-651,2020
114,US-IA-652,2020
115,US-FL-656,2020
116,US-OK-657,2020
117,US-WI-658,2020
118,US-KY-659,2020
119,US-TX-661,2020
120,US-TX-662,2020
121,US-WI-669,2020
122,US-AR-670,2020
123,US-OK-671,2020
124,US-MS-673,2020
125,US-IL-675,2020
126,US-MN-676,2020
127,US-KS-678,2020
128,US-IA-679,2020
129,US-IL-682,2020
130,US-AL-686,2020
131,US-MT-687,2020
132,US-AL-691,2020
133,US-TX-692,2020
134,US-AR-693,2020
135,US-AL-698,2020
136,US-MN-702,2020
137,US-WI-705,2020
138,US-TX-709,2020
139,US-MS-710,2020
140,US-AL-711,2020
141,US-LA-716,2020
142,US-IL-717,2020
143,US-MS-718,2020
144,US-NE-722,2020
145,US-MN-724,2020
146,US-NE-725,2020
147,US-AR-734,2020
148,US-KY-736,2020
149,US-MN-737,2020
150,US-NE-740,2020
151,US-AK-743,2020
152,US-HI-744,2020
153,US-AK-745,2020
154,US-MS-746,2020
155,US-AK-747,2020
156,US-TX-749,2020
157,US-CO-751,2020
158,US-CO-752,2020
159,US-AZ-753,2020
160,US-MT-754,2020
161,US-MT-755,2020
162,US-MT-756,2020
163,US-ID-757,2020
164,US-ID-758,2020
165,US-NE-759,2020
166,US-ID-760,2020
167,US-MT-762,2020
168,US-SD-764,2020
169,US-NM-765,2020
170,US-MT-766,2020
171,US-WY-767,2020
172,US-NV-770,2020
173,US-AZ-771,2020
174,US-CO-773,2020
175,US-AZ-789,2020
176,US-NM-790,2020
177,US-MT-798,2020
178,US-CA-800,2020
179,US-OR-801,2020
180,US-CA-802,2020
181,US-CA-803,2020
182,US-CA-804,2020
183,US-CA-807,2020
184,US-OR-810,2020
185,US-CA-811,2020
186,US-CA-813,2020
187,US-WA-819,2020
188,US-OR-820,2020
189,US-OR-821,2020
190,US-CA-825,2020
191,US-CA-828,2020
192,US-NV-839,2020
193,US-CA-855,2020
194,US-CA-862,2020
195,US-CA-866,2020
196,US-CA-868,2020
197,US-ID-881,2020
198,US-ME-500,2020
199,US-NJ-501,2020
200,US-NY-502,2020
201,US-GA-503,2020
202,US-DE-504,2020
203,US-MI-505,2020
204,US-MA-506,2020
205,US-GA-507,2020
206,US-PA-508,2020
207,US-IN-509,2020
208,US-OH-510,2020
209,US-WV-511,2020
210,US-MD-512,2019
211,US-MI-513,2019
212,US-NY-514,2019
213,US-IN-515,2019
214,US-PA-516,2019
215,US-NC-517,2019
216,US-NC-518,2019
217,US-SC-519,2019
218,US-GA-520,2019
219,US-MA-521,2019
220,US-AL-522,2019
221,US-NH-523,2019
222,US-GA-524,2019
223,US-GA-525,2019
224,US-NY-526,2019
225,US-IN-527,2019
226,US-FL-528,2019
227,US-IN-529,2019
228,US-FL-530,2019
229,US-KY-531,2019
230,US-NY-532,2019
231,US-CT-533,2019
232,US-FL-534,2019
233,US-OH-535,2019
234,US-OH-536,2019
235,US-ME-537,2019
236,US-NY-538,2019
237,US-FL-539,2019
238,US-MI-540,2019
239,US-KY-541,2019
240,US-OH-542,2019
241,US-MA-543,2019
242,US-NC-544,2019
243,US-NC-545,2019
244,US-SC-546,2019
245,US-MI-547,2019
246,US-FL-548,2019
247,US-NY-549,2019
248,US-NC-550,2019
249,US-MI-551,2019
250,US-ME-552,2019
251,US-MI-553,2019
252,US-OH-554,2019
253,US-NY-555,2019
254,US-VA-556,2019
255,US-KY-557,2019
256,US-OH-558,2019
257,US-VA-559,2019
258,US-NC-560,2019
259,US-FL-561,2019
260,US-MI-563,2019
261,US-KY-564,2019
262,US-NY-565,2019
263,US-PA-566,2019
264,US-NC-567,2019
265,US-VA-569,2019
266,US-NC-570,2019
267,US-FL-571,2019
268,US-VA-573,2019
269,US-PA-574,2019
270,US-GA-575,2019
271,US-DE-576,2019
272,US-PA-577,2019
273,US-IL-581,2019
274,US-IN-582,2019
275,US-MI-583,2019
276,US-VA-584,2019
277,US-IN-588,2019
278,US-FL-592,2019
279,US-OH-596,2019
280,US-OH-597,2019
281,US-WV-598,2019
282,US-TX-600,2019
283,US-IL-602,2019
284,US-KS-603,2019
285,US-MO-604,2019
286,US-KS-605,2019
287,US-AL-606,2019
288,US-IL-609,2019
289,US-IL-610,2019
290,US-IA-611,2019
291,US-AR-612,2019
292,US-MN-613,2019
293,US-KS-616,2019
294,US-WI-617,2019
295,US-TX-618,2019
296,US-AR-619,2019
297,US-LA-622,2019
298,US-TX-623,2019
299,US-IA-624,2019
300,US-TX-625,2019
301,US-TX-626,2019
302,US-OK-627,2019
303,US-AR-628,2019
304,US-AL-630,2019
305,US-IA-631,2019
306,US-IL-632,2019
307,US-TX-633,2019
308,US-NM-634,2019
309,US-TX-635,2019
310,US-TX-636,2019
311,US-IA-637,2019
312,US-KS-638,2019
313,US-TN-639,2019
314,US-AR-640,2019
315,US-TX-641,2019
316,US-LA-642,2019
317,US-LA-643,2019
318,US-LA-644,2019
319,US-MS-647,2019
320,US-IL-648,2019
321,US-IL-649,2019
322,US-OK-650,2019
323,US-TX-651,2019
324,US-IA-652,2019
325,US-FL-656,2019
326,US-OK-657,2019
327,US-WI-658,2019
328,US-KY-659,2019
329,US-TX-661,2019
330,US-TX-662,2019
331,US-WI-669,2019
332,US-AR-670,2019
333,US-OK-671,2019
334,US-MS-673,2019
335,US-IL-675,2019
336,US-MN-676,2019
337,US-KS-678,2019
338,US-IA-679,2019
339,US-IL-682,2019
340,US-AL-686,2019
341,US-MT-687,2019
342,US-AL-691,2019
343,US-TX-692,2019
344,US-AR-693,2019
345,US-AL-698,2019
346,US-MN-702,2019
347,US-WI-705,2019
348,US-TX-709,2019
349,US-MS-710,2019
350,US-AL-711,2019
351,US-LA-716,2019
352,US-IL-717,2019
353,US-MS-718,2019
354,US-NE-722,2019
355,US-MN-724,2019
356,US-NE-725,2019
357,US-AR-734,2019
358,US-KY-736,2019
359,US-MN-737,2019
360,US-NE-740,2019
361,US-AK-743,2019
362,US-HI-744,2019
363,US-AK-745,2019
364,US-MS-746,2019
365,US-AK-747,2019
366,US-TX-749,2019
367,US-CO-751,2019
368,US-CO-752,2019
369,US-AZ-753,2019
370,US-MT-754,2019
371,US-MT-755,2019
372,US-MT-756,2019
373,US-ID-757,2019
374,US-ID-758,2019
375,US-NE-759,2019
376,US-ID-760,2019
377,US-MT-762,2019
378,US-SD-764,2019
379,US-NM-765,2019
380,US-MT-766,2019
381,US-WY-767,2019
382,US-NV-770,2019
383,US-AZ-771,2019
384,US-CO-773,2019
385,US-AZ-789,2019
386,US-NM-790,2019
387,US-MT-798,2019
388,US-CA-800,2019
389,US-OR-801,2019
390,US-CA-802,2019
391,US-CA-803,2019
392,US-CA-804,2019
393,US-CA-807,2019
394,US-OR-810,2019
395,US-CA-811,2019
396,US-CA-813,2019
397,US-WA-819,2019
398,US-OR-820,2019
399,US-OR-821,2019
400,US-CA-825,2019
401,US-CA-828,2019
402,US-NV-839,2019
403,US-CA-855,2019
404,US-CA-862,2019
405,US-CA-866,2019
406,US-CA-868,2019
407,US-ID-881,2019
408,US-ME-500,2019
409,US-NJ-501,2019
410,US-NY-502,2019
411,US-GA-503,2019
412,US-DE-504,2019
413,US-MI-505,2019
414,US-MA-506,2019
415,US-GA-507,2019
416,US-PA-508,2019
417,US-IN-509,2019
418,US-OH-510,2019
419,US-WV-511,2019
420,US-MD-512,2018
421,US-MI-513,2018
422,US-NY-514,2018
423,US-IN-515,2018
424,US-PA-516,2018
425,US-NC-517,2018
426,US-NC-518,2018
427,US-SC-519,2018
428,US-GA-520,2018
429,US-MA-521,2018
430,US-AL-522,2018
431,US-NH-523,2018
432,US-GA-524,2018
433,US-GA-525,2018
434,US-NY-526,2018
435,US-IN-527,2018
436,US-FL-528,2018
437,US-IN-529,2018
438,US-FL-530,2018
439,US-KY-531,2018
440,US-NY-532,2018
441,US-CT-533,2018
442,US-FL-534,2018
443,US-OH-535,2018
444,US-OH-536,2018
445,US-ME-537,2018
446,US-NY-538,2018
447,US-FL-539,2018
448,US-MI-540,2018
449,US-KY-541,2018
450,US-OH-542,2018
451,US-MA-543,2018
452,US-NC-544,2018
453,US-NC-545,2018
454,US-SC-546,2018
455,US-MI-547,2018
456,US-FL-548,2018
457,US-NY-549,2018
458,US-NC-550,2018
459,US-MI-551,2018
460,US-ME-552,2018
461,US-MI-553,2018
462,US-OH-554,2018
463,US-NY-555,2018
464,US-VA-556,2018
465,US-KY-557,2018
466,US-OH-558,2018
467,US-VA-559,2018
468,US-NC-560,2018
469,US-FL-561,2018
470,US-MI-563,2018
471,US-KY-564,2018
472,US-NY-565,2018
473,US-PA-566,2018
474,US-NC-567,2018
475,US-VA-569,2018
476,US-NC-570,2018
477,US-FL-571,2018
478,US-VA-573,2018
479,US-PA-574,2018
480,US-GA-575,2018
481,US-DE-576,2018
482,US-PA-577,2018
483,US-IL-581,2018
484,US-IN-582,2018
485,US-MI-583,2018
486,US-VA-584,2018
487,US-IN-588,2018
488,US-FL-592,2018
489,US-OH-596,2018
490,US-OH-597,2018
491,US-WV-598,2018
492,US-TX-600,2018
493,US-IL-602,2018
494,US-KS-603,2018
495,US-MO-604,2018
496,US-KS-605,2018
497,US-AL-606,2018
498,US-IL-609,2018
499,US-IL-610,2018
500,US-IA-611,2018
501,US-AR-612,2018
502,US-MN-613,2018
503,US-KS-616,2018
504,US-WI-617,2018
505,US-TX-618,2018
506,US-AR-619,2018
507,US-LA-622,2018
508,US-TX-623,2018
509,US-IA-624,2018
510,US-TX-625,2018
511,US-TX-626,2018
512,US-OK-627,2018
513,US-AR-628,2018
514,US-AL-630,2018
515,US-IA-631,2018
516,US-IL-632,2018
517,US-TX-633,2018
518,US-NM-634,2018
519,US-TX-635,2018
520,US-TX-636,2018
521,US-IA-637,2018
522,US-KS-638,2018
523,US-TN-639,2018
524,US-AR-640,2018
525,US-TX-641,2018
526,US-LA-642,2018
527,US-LA-643,2018
528,US-LA-644,2018
529,US-MS-647,2018
530,US-IL-648,2018
531,US-IL-649,2018
532,US-OK-650,2018
533,US-TX-651,2018
534,US-IA-652,2018
535,US-FL-656,2018
536,US-OK-657,2018
537,US-WI-658,2018
538,US-KY-659,2018
539,US-TX-661,2018
540,US-TX-662,2018
541,US-WI-669,2018
542,US-AR-670,2018
543,US-OK-671,2018
544,US-MS-673,2018
545,US-IL-675,2018
546,US-MN-676,2018
547,US-KS-678,2018
548,US-IA-679,2018
549,US-IL-682,2018
550,US-AL-686,2018
551,US-MT-687,2018
552,US-AL-691,2018
553,US-TX-692,2018
554,US-AR-693,2018
555,US-AL-698,2018
556,US-MN-702,2018
557,US-WI-705,2018
558,US-TX-709,2018
559,US-MS-710,2018
560,US-AL-711,2018
561,US-LA-716,2018
562,US-IL-717,2018
563,US-MS-718,2018
564,US-NE-722,2018
565,US-MN-724,2018
566,US-NE-725,2018
567,US-AR-734,2018
568,US-KY-736,2018
569,US-MN-737,2018
570,US-NE-740,2018
571,US-AK-743,2018
572,US-HI-744,2018
573,US-AK-745,2018
574,US-MS-746,2018
575,US-AK-747,2018
576,US-TX-749,2018
577,US-CO-751,2018
578,US-CO-752,2018
579,US-AZ-753,2018
580,US-MT-754,2018
581,US-MT-755,2018
582,US-MT-756,2018
583,US-ID-757,2018
584,US-ID-758,2018
585,US-NE-759,2018
586,US-ID-760,2018
587,US-MT-762,2018
588,US-SD-764,2018
589,US-NM-765,2018
590,US-MT-766,2018
591,US-WY-767,2018
592,US-NV-770,2018
593,US-AZ-771,2018
594,US-CO-773,2018
595,US-AZ-789,2018
596,US-NM-790,2018
597,US-MT-798,2018
598,US-CA-800,2018
599,US-OR-801,2018
600,US-CA-802,2018
601,US-CA-803,2018
602,US-CA-804,2018
603,US-CA-807,2018
604,US-OR-810,2018
605,US-CA-811,2018
606,US-CA-813,2018
607,US-WA-819,2018
608,US-OR-820,2018
609,US-OR-821,2018
610,US-CA-825,2018
611,US-CA-828,2018
612,US-NV-839,2018
613,US-CA-855,2018
614,US-CA-862,2018
615,US-CA-866,2018
616,US-CA-868,2018
617,US-ID-881,2018
618,US-ME-500,2018
619,US-NJ-501,2018
620,US-NY-502,2018
621,US-GA-503,2018
622,US-DE-504,2018
623,US-MI-505,2018
624,US-MA-506,2018
625,US-GA-507,2018
626,US-PA-508,2018
627,US-IN-509,2018
628,US-OH-510,2018
629,US-WV-511,2018
630,US-MD-512,2017
631,US-MI-513,2017
632,US-NY-514,2017
633,US-IN-515,2017
634,US-PA-516,2017
635,US-NC-517,2017
636,US-NC-518,2017
637,US-SC-519,2017
638,US-GA-520,2017
639,US-MA-521,2017
640,US-AL-522,2017
641,US-NH-523,2017
642,US-GA-524,2017
643,US-GA-525,2017
644,US-NY-526,2017
645,US-IN-527,2017
646,US-FL-528,2017
647,US-IN-529,2017
648,US-FL-530,2017
649,US-KY-531,2017
650,US-NY-532,2017
651,US-CT-533,2017
652,US-FL-534,2017
653,US-OH-535,2017
654,US-OH-536,2017
655,US-ME-537,2017
656,US-NY-538,2017
657,US-FL-539,2017
658,US-MI-540,2017
659,US-KY-541,2017
660,US-OH-542,2017
661,US-MA-543,2017
662,US-NC-544,2017
663,US-NC-545,2017
664,US-SC-546,2017
665,US-MI-547,2017
666,US-FL-548,2017
667,US-NY-549,2017
668,US-NC-550,2017
669,US-MI-551,2017
670,US-ME-552,2017
671,US-MI-553,2017
672,US-OH-554,2017
673,US-NY-555,2017
674,US-VA-556,2017
675,US-KY-557,2017
676,US-OH-558,2017
677,US-VA-559,2017
678,US-NC-560,2017
679,US-FL-561,2017
680,US-MI-563,2017
681,US-KY-564,2017
682,US-NY-565,2017
683,US-PA-566,2017
684,US-NC-567,2017
685,US-VA-569,2017
686,US-NC-570,2017
687,US-FL-571,2017
688,US-VA-573,2017
689,US-PA-574,2017
690,US-GA-575,2017
691,US-DE-576,2017
692,US-PA-577,2017
693,US-IL-581,2017
694,US-IN-582,2017
695,US-MI-583,2017
696,US-VA-584,2017
697,US-IN-588,2017
698,US-FL-592,2017
699,US-OH-596,2017
700,US-OH-597,2017
701,US-WV-598,2017
702,US-TX-600,2017
703,US-IL-602,2017
704,US-KS-603,2017
705,US-MO-604,2017
706,US-KS-605,2017
707,US-AL-606,2017
708,US-IL-609,2017
709,US-IL-610,2017
710,US-IA-611,2017
711,US-AR-612,2017
712,US-MN-613,2017
713,US-KS-616,2017
714,US-WI-617,2017
715,US-TX-618,2017
716,US-AR-619,2017
717,US-LA-622,2017
718,US-TX-623,2017
719,US-IA-624,2017
720,US-TX-625,2017
721,US-TX-626,2017
722,US-OK-627,2017
723,US-AR-628,2017
724,US-AL-630,2017
725,US-IA-631,2017
726,US-IL-632,2017
727,US-TX-633,2017
728,US-NM-634,2017
729,US-TX-635,2017
730,US-TX-636,2017
731,US-IA-637,2017
732,US-KS-638,2017
733,US-TN-639,2017
734,US-AR-640,2017
735,US-TX-641,2017
736,US-LA-642,2017
737,US-LA-643,2017
738,US-LA-644,2017
739,US-MS-647,2017
740,US-IL-648,2017
741,US-IL-649,2017
742,US-OK-650,2017
743,US-TX-651,2017
744,US-IA-652,2017
745,US-FL-656,2017
746,US-OK-657,2017
747,US-WI-658,2017
748,US-KY-659,2017
749,US-TX-661,2017
750,US-TX-662,2017
751,US-WI-669,2017
752,US-AR-670,2017
753,US-OK-671,2017
754,US-MS-673,2017
755,US-IL-675,2017
756,US-MN-676,2017
757,US-KS-678,2017
758,US-IA-679,2017
759,US-IL-682,2017
760,US-AL-686,2017
761,US-MT-687,2017
762,US-AL-691,2017
763,US-TX-692,2017
764,US-AR-693,2017
765,US-AL-698,2017
766,US-MN-702,2017
767,US-WI-705,2017
768,US-TX-709,2017
769,US-MS-710,2017
770,US-AL-711,2017
771,US-LA-716,2017
772,US-IL-717,2017
773,US-MS-718,2017
774,US-NE-722,2017
775,US-MN-724,2017
776,US-NE-725,2017
777,US-AR-734,2017
778,US-KY-736,2017
779,US-MN-737,2017
780,US-NE-740,2017
781,US-AK-743,2017
782,US-HI-744,2017
783,US-AK-745,2017
784,US-MS-746,2017
785,US-AK-747,2017
786,US-TX-749,2017
787,US-CO-751,2017
788,US-CO-752,2017
789,US-AZ-753,2017
790,US-MT-754,2017
791,US-MT-755,2017
792,US-MT-756,2017
793,US-ID-757,2017
794,US-ID-758,2017
795,US-NE-759,2017
796,US-ID-760,2017
797,US-MT-762,2017
798,US-SD-764,2017
799,US-NM-765,2017
800,US-MT-766,2017
801,US-WY-767,2017
802,US-NV-770,2017
803,US-AZ-771,2017
804,US-CO-773,2017
805,US-AZ-789,2017
806,US-NM-790,2017
807,US-MT-798,2017
808,US-CA-800,2017
809,US-OR-801,2017
810,US-CA-802,2017
811,US-CA-803,2017
812,US-CA-804,2017
813,US-CA-807,2017
814,US-OR-810,2017
815,US-CA-811,2017
816,US-CA-813,2017
817,US-WA-819,2017
818,US-OR-820,2017
819,US-OR-821,2017
820,US-CA-825,2017
821,US-CA-828,2017
822,US-NV-839,2017
823,US-CA-855,2017
824,US-CA-862,2017
825,US-CA-866,2017
826,US-CA-868,2017
827,US-ID-881,2017
828,US-ME-500,2017
829,US-NJ-501,2017
830,US-NY-502,2017
831,US-GA-503,2017
832,US-DE-504,2017
833,US-MI-505,2017
834,US-MA-506,2017
835,US-GA-507,2017
836,US-PA-508,2017
837,US-IN-509,2017
838,US-OH-510,2017
839,US-WV-511,2017
840,US-MD-512,2016
841,US-MI-513,2016
842,US-NY-514,2016
843,US-IN-515,2016
844,US-PA-516,2016
845,US-NC-517,2016
846,US-NC-518,2016
847,US-SC-519,2016
848,US-GA-520,2016
849,US-MA-521,2016
850,US-AL-522,2016
851,US-NH-523,2016
852,US-GA-524,2016
853,US-GA-525,2016
854,US-NY-526,2016
855,US-IN-527,2016
856,US-FL-528,2016
857,US-IN-529,2016
858,US-FL-530,2016
859,US-KY-531,2016
860,US-NY-532,2016
861,US-CT-533,2016
862,US-FL-534,2016
863,US-OH-535,2016
864,US-OH-536,2016
865,US-ME-537,2016
866,US-NY-538,2016
867,US-FL-539,2016
868,US-MI-540,2016
869,US-KY-541,2016
870,US-OH-542,2016
871,US-MA-543,2016
872,US-NC-544,2016
873,US-NC-545,2016
874,US-SC-546,2016
875,US-MI-547,2016
876,US-FL-548,2016
877,US-NY-549,2016
878,US-NC-550,2016
879,US-MI-551,2016
880,US-ME-552,2016
881,US-MI-553,2016
882,US-OH-554,2016
883,US-NY-555,2016
884,US-VA-556,2016
885,US-KY-557,2016
886,US-OH-558,2016
887,US-VA-559,2016
888,US-NC-560,2016
889,US-FL-561,2016
890,US-MI-563,2016
891,US-KY-564,2016
892,US-NY-565,2016
893,US-PA-566,2016
894,US-NC-567,2016
895,US-VA-569,2016
896,US-NC-570,2016
897,US-FL-571,2016
898,US-VA-573,2016
899,US-PA-574,2016
900,US-GA-575,2016
901,US-DE-576,2016
902,US-PA-577,2016
903,US-IL-581,2016
904,US-IN-582,2016
905,US-MI-583,2016
906,US-VA-584,2016
907,US-IN-588,2016
908,US-FL-592,2016
909,US-OH-596,2016
910,US-OH-597,2016
911,US-WV-598,2016
912,US-TX-600,2016
913,US-IL-602,2016
914,US-KS-603,2016
915,US-MO-604,2016
916,US-KS-605,2016
917,US-AL-606,2016
918,US-IL-609,2016
919,US-IL-610,2016
920,US-IA-611,2016
921,US-AR-612,2016
922,US-MN-613,2016
923,US-KS-616,2016
924,US-WI-617,2016
925,US-TX-618,2016
926,US-AR-619,2016
927,US-LA-622,2016
928,US-TX-623,2016
929,US-IA-624,2016
930,US-TX-625,2016
931,US-TX-626,2016
932,US-OK-627,2016
933,US-AR-628,2016
934,US-AL-630,2016
935,US-IA-631,2016
936,US-IL-632,2016
937,US-TX-633,2016
938,US-NM-634,2016
939,US-TX-635,2016
940,US-TX-636,2016
941,US-IA-637,2016
942,US-KS-638,2016
943,US-TN-639,2016
944,US-AR-640,2016
945,US-TX-641,2016
946,US-LA-642,2016
947,US-LA-643,2016
948,US-LA-644,2016
949,US-MS-647,2016
950,US-IL-648,2016
951,US-IL-649,2016
952,US-OK-650,2016
953,US-TX-651,2016
954,US-IA-652,2016
955,US-FL-656,2016
956,US-OK-657,2016
957,US-WI-658,2016
958,US-KY-659,2016
959,US-TX-661,2016
960,US-TX-662,2016
961,US-WI-669,2016
962,US-AR-670,2016
963,US-OK-671,2016
964,US-MS-673,2016
965,US-IL-675,2016
966,US-MN-676,2016
967,US-KS-678,2016
968,US-IA-679,2016
969,US-IL-682,2016
970,US-AL-686,2016
971,US-MT-687,2016
972,US-AL-691,2016
973,US-TX-692,2016
974,US-AR-693,2016
975,US-AL-698,2016
976,US-MN-702,2016
977,US-WI-705,2016
978,US-TX-709,2016
979,US-MS-710,2016
980,US-AL-711,2016
981,US-LA-716,2016
982,US-IL-717,2016
983,US-MS-718,2016
984,US-NE-722,2016
985,US-MN-724,2016
986,US-NE-725,2016
987,US-AR-734,2016
988,US-KY-736,2016
989,US-MN-737,2016
990,US-NE-740,2016
991,US-AK-743,2016
992,US-HI-744,2016
993,US-AK-745,2016
994,US-MS-746,2016
995,US-AK-747,2016
996,US-TX-749,2016
997,US-CO-751,2016
998,US-CO-752,2016
999,US-AZ-753,2016
1000,US-MT-754,2016
1001,US-MT-755,2016
1002,US-MT-756,2016
1003,US-ID-757,2016
1004,US-ID-758,2016
1005,US-NE-759,2016
1006,US-ID-760,2016
1007,US-MT-762,2016
1008,US-SD-764,2016
1009,US-NM-765,2016
1010,US-MT-766,2016
1011,US-WY-767,2016
1012,US-NV-770,2016
1013,US-AZ-771,2016
1014,US-CO-773,2016
1015,US-AZ-789,2016
1016,US-NM-790,2016
1017,US-MT-798,2016
1018,US-CA-800,2016
1019,US-OR-801,2016
1020,US-CA-802,2016
1021,US-CA-803,2016
1022,US-CA-804,2016
1023,US-CA-807,2016
1024,US-OR-810,2016
1025,US-CA-811,2016
1026,US-CA-813,2016
1027,US-WA-819,2016
1028,US-OR-820,2016
1029,US-OR-821,2016
1030,US-CA-825,2016
1031,US-CA-828,2016
1032,US-NV-839,2016
1033,US-CA-855,2016
1034,US-CA-862,2016
1035,US-CA-866,2016
1036,US-CA-868,2016
1037,US-ID-881,2016
1038,US-ME-500,2016
1039,US-NJ-501,2016
1040,US-NY-502,2016
1041,US-GA-503,2016
1042,US-DE-504,2016
1043,US-MI-505,2016
1044,US-MA-506,2016
1045,US-GA-507,2016
1046,US-PA-508,2016
1047,US-IN-509,2016
1048,US-OH-510,2016
1049,US-WV-511,2016
1050,US-MD-512,2015
1051,US-MI-513,2015
1052,US-NY-514,2015
1053,US-IN-515,2015
1054,US-PA-516,2015
1055,US-NC-517,2015
1056,US-NC-518,2015
1057,US-SC-519,2015
1058,US-GA-520,2015
1059,US-MA-521,2015
1060,US-AL-522,2015
1061,US-NH-523,2015
1062,US-GA-524,2015
1063,US-GA-525,2015
1064,US-NY-526,2015
1065,US-IN-527,2015
1066,US-FL-528,2015
1067,US-IN-529,2015
1068,US-FL-530,2015
1069,US-KY-531,2015
1070,US-NY-532,2015
1071,US-CT-533,2015
1072,US-FL-534,2015
1073,US-OH-535,2015
1074,US-OH-536,2015
1075,US-ME-537,2015
1076,US-NY-538,2015
1077,US-FL-539,2015
1078,US-MI-540,2015
1079,US-KY-541,2015
1080,US-OH-542,2015
1081,US-MA-543,2015
1082,US-NC-544,2015
1083,US-NC-545,2015
1084,US-SC-546,2015
1085,US-MI-547,2015
1086,US-FL-548,2015
1087,US-NY-549,2015
1088,US-NC-550,2015
1089,US-MI-551,2015
1090,US-ME-552,2015
1091,US-MI-553,2015
1092,US-OH-554,2015
1093,US-NY-555,2015
1094,US-VA-556,2015
1095,US-KY-557,2015
1096,US-OH-558,2015
1097,US-VA-559,2015
1098,US-NC-560,2015
1099,US-FL-561,2015
1100,US-MI-563,2015
1101,US-KY-564,2015
1102,US-NY-565,2015
1103,US-PA-566,2015
1104,US-NC-567,2015
1105,US-VA-569,2015
1106,US-NC-570,2015
1107,US-FL-571,2015
1108,US-VA-573,2015
1109,US-PA-574,2015
1110,US-GA-575,2015
1111,US-DE-576,2015
1112,US-PA-577,2015
1113,US-IL-581,2015
1114,US-IN-582,2015
1115,US-MI-583,2015
1116,US-VA-584,2015
1117,US-IN-588,2015
1118,US-FL-592,2015
1119,US-OH-596,2015
1120,US-OH-597,2015
1121,US-WV-598,2015
1122,US-TX-600,2015
1123,US-IL-602,2015
1124,US-KS-603,2015
1125,US-MO-604,2015
1126,US-KS-605,2015
1127,US-AL-606,2015
1128,US-IL-609,2015
1129,US-IL-610,2015
1130,US-IA-611,2015
1131,US-AR-612,2015
1132,US-MN-613,2015
1133,US-KS-616,2015
1134,US-WI-617,2015
1135,US-TX-618,2015
1136,US-AR-619,2015
1137,US-LA-622,2015
1138,US-TX-623,2015
1139,US-IA-624,2015
1140,US-TX-625,2015
1141,US-TX-626,2015
1142,US-OK-627,2015
1143,US-AR-628,2015
1144,US-AL-630,2015
1145,US-IA-631,2015
1146,US-IL-632,2015
1147,US-TX-633,2015
1148,US-NM-634,2015
1149,US-TX-635,2015
1150,US-TX-636,2015
1151,US-IA-637,2015
1152,US-KS-638,2015
1153,US-TN-639,2015
1154,US-AR-640,2015
1155,US-TX-641,2015
1156,US-LA-642,2015
1157,US-LA-643,2015
1158,US-LA-644,2015
1159,US-MS-647,2015
1160,US-IL-648,2015
1161,US-IL-649,2015
1162,US-OK-650,2015
1163,US-TX-651,2015
1164,US-IA-652,2015
1165,US-FL-656,2015
1166,US-OK-657,2015
1167,US-WI-658,2015
1168,US-KY-659,2015
1169,US-TX-661,2015
1170,US-TX-662,2015
1171,US-WI-669,2015
1172,US-AR-670,2015
1173,US-OK-671,2015
1174,US-MS-673,2015
1175,US-IL-675,2015
1176,US-MN-676,2015
1177,US-KS-678,2015
1178,US-IA-679,2015
1179,US-IL-682,2015
1180,US-AL-686,2015
1181,US-MT-687,2015
1182,US-AL-691,2015
1183,US-TX-692,2015
1184,US-AR-693,2015
1185,US-AL-698,2015
1186,US-MN-702,2015
1187,US-WI-705,2015
1188,US-TX-709,2015
1189,US-MS-710,2015
1190,US-AL-711,2015
1191,US-LA-716,2015
1192,US-IL-717,2015
1193,US-MS-718,2015
1194,US-NE-722,2015
1195,US-MN-724,2015
1196,US-NE-725,2015
1197,US-AR-734,2015
1198,US-KY-736,2015
1199,US-MN-737,2015
1200,US-NE-740,2015
1201,US-AK-743,2015
1202,US-HI-744,2015
1203,US-AK-745,2015
1204,US-MS-746,2015
1205,US-AK-747,2015
1206,US-TX-749,2015
1207,US-CO-751,2015
1208,US-CO-752,2015
1209,US-AZ-753,2015
1210,US-MT-754,2015
1211,US-MT-755,2015
1212,US-MT-756,2015
1213,US-ID-757,2015
1214,US-ID-758,2015
1215,US-NE-759,2015
1216,US-ID-760,2015
1217,US-MT-762,2015
1218,US-SD-764,2015
1219,US-NM-765,2015
1220,US-MT-766,2015
1221,US-WY-767,2015
1222,US-NV-770,2015
1223,US-AZ-771,2015
1224,US-CO-773,2015
1225,US-AZ-789,2015
1226,US-NM-790,2015
1227,US-MT-798,2015
1228,US-CA-800,2015
1229,US-OR-801,2015
1230,US-CA-802,2015
1231,US-CA-803,2015
1232,US-CA-804,2015
1233,US-CA-807,2015
1234,US-OR-810,2015
1235,US-CA-811,2015
1236,US-CA-813,2015
1237,US-WA-819,2015
1238,US-OR-820,2015
1239,US-OR-821,2015
1240,US-CA-825,2015
1241,US-CA-828,2015
1242,US-NV-839,2015
1243,US-CA-855,2015
1244,US-CA-862,2015
1245,US-CA-866,2015
1246,US-CA-868,2015
1247,US-ID-881,2015
1248,US-ME-500,2015
1249,US-NJ-501,2015
1250,US-NY-502,2015
1251,US-GA-503,2015
1252,US-DE-504,2015
1253,US-MI-505,2015
1254,US-MA-506,2015
1255,US-GA-507,2015
1256,US-PA-508,2015
1257,US-IN-509,2015
1258,US-OH-510,2015
1259,US-WV-511,2015
1260,US-MD-512,2014
1261,US-MI-513,2014
1262,US-NY-514,2014
1263,US-IN-515,2014
1264,US-PA-516,2014
1265,US-NC-517,2014
1266,US-NC-518,2014
1267,US-SC-519,2014
1268,US-GA-520,2014
1269,US-MA-521,2014
1270,US-AL-522,2014
1271,US-NH-523,2014
1272,US-GA-524,2014
1273,US-GA-525,2014
1274,US-NY-526,2014
1275,US-IN-527,2014
1276,US-FL-528,2014
1277,US-IN-529,2014
1278,US-FL-530,2014
1279,US-KY-531,2014
1280,US-NY-532,2014
1281,US-CT-533,2014
1282,US-FL-534,2014
1283,US-OH-535,2014
1284,US-OH-536,2014
1285,US-ME-537,2014
1286,US-NY-538,2014
1287,US-FL-539,2014
1288,US-MI-540,2014
1289,US-KY-541,2014
1290,US-OH-542,2014
1291,US-MA-543,2014
1292,US-NC-544,2014
1293,US-NC-545,2014
1294,US-SC-546,2014
1295,US-MI-547,2014
1296,US-FL-548,2014
1297,US-NY-549,2014
1298,US-NC-550,2014
1299,US-MI-551,2014
1300,US-ME-552,2014
1301,US-MI-553,2014
1302,US-OH-554,2014
1303,US-NY-555,2014
1304,US-VA-556,2014
1305,US-KY-557,2014
1306,US-OH-558,2014
1307,US-VA-559,2014
1308,US-NC-560,2014
1309,US-FL-561,2014
1310,US-MI-563,2014
1311,US-KY-564,2014
1312,US-NY-565,2014
1313,US-PA-566,2014
1314,US-NC-567,2014
1315,US-VA-569,2014
1316,US-NC-570,2014
1317,US-FL-571,2014
1318,US-VA-573,2014
1319,US-PA-574,2014
1320,US-GA-575,2014
1321,US-DE-576,2014
1322,US-PA-577,2014
1323,US-IL-581,2014
1324,US-IN-582,2014
1325,US-MI-583,2014
1326,US-VA-584,2014
1327,US-IN-588,2014
1328,US-FL-592,2014
1329,US-OH-596,2014
1330,US-OH-597,2014
1331,US-WV-598,2014
1332,US-TX-600,2014
1333,US-IL-602,2014
1334,US-KS-603,2014
1335,US-MO-604,2014
1336,US-KS-605,2014
1337,US-AL-606,2014
1338,US-IL-609,2014
1339,US-IL-610,2014
1340,US-IA-611,2014
1341,US-AR-612,2014
1342,US-MN-613,2014
1343,US-KS-616,2014
1344,US-WI-617,2014
1345,US-TX-618,2014
1346,US-AR-619,2014
1347,US-LA-622,2014
1348,US-TX-623,2014
1349,US-IA-624,2014
1350,US-TX-625,2014
1351,US-TX-626,2014
1352,US-OK-627,2014
1353,US-AR-628,2014
1354,US-AL-630,2014
1355,US-IA-631,2014
1356,US-IL-632,2014
1357,US-TX-633,2014
1358,US-NM-634,2014
1359,US-TX-635,2014
1360,US-TX-636,2014
1361,US-IA-637,2014
1362,US-KS-638,2014
1363,US-TN-639,2014
1364,US-AR-640,2014
1365,US-TX-641,2014
1366,US-LA-642,2014
1367,US-LA-643,2014
1368,US-LA-644,2014
1369,US-MS-647,2014
1370,US-IL-648,2014
1371,US-IL-649,2014
1372,US-OK-650,2014
1373,US-TX-651,2014
1374,US-IA-652,2014
1375,US-FL-656,2014
1376,US-OK-657,2014
1377,US-WI-658,2014
1378,US-KY-659,2014
1379,US-TX-661,2014
1380,US-TX-662,2014
1381,US-WI-669,2014
1382,US-AR-670,2014
1383,US-OK-671,2014
1384,US-MS-673,2014
1385,US-IL-675,2014
1386,US-MN-676,2014
1387,US-KS-678,2014
1388,US-IA-679,2014
1389,US-IL-682,2014
1390,US-AL-686,2014
1391,US-MT-687,2014
1392,US-AL-691,2014
1393,US-TX-692,2014
1394,US-AR-693,2014
1395,US-AL-698,2014
1396,US-MN-702,2014
1397,US-WI-705,2014
1398,US-TX-709,2014
1399,US-MS-710,2014
1400,US-AL-711,2014
1401,US-LA-716,2014
1402,US-IL-717,2014
1403,US-MS-718,2014
1404,US-NE-722,2014
1405,US-MN-724,2014
1406,US-NE-725,2014
1407,US-AR-734,2014
1408,US-KY-736,2014
1409,US-MN-737,2014
1410,US-NE-740,2014
1411,US-AK-743,2014
1412,US-HI-744,2014
1413,US-AK-745,2014
1414,US-MS-746,2014
1415,US-AK-747,2014
1416,US-TX-749,2014
1417,US-CO-751,2014
1418,US-CO-752,2014
1419,US-AZ-753,2014
1420,US-MT-754,2014
1421,US-MT-755,2014
1422,US-MT-756,2014
1423,US-ID-757,2014
1424,US-ID-758,2014
1425,US-NE-759,2014
1426,US-ID-760,2014
1427,US-MT-762,2014
1428,US-SD-764,2014
1429,US-NM-765,2014
1430,US-MT-766,2014
1431,US-WY-767,2014
1432,US-NV-770,2014
1433,US-AZ-771,2014
1434,US-CO-773,2014
1435,US-AZ-789,2014
1436,US-NM-790,2014
1437,US-MT-798,2014
1438,US-CA-800,2014
1439,US-OR-801,2014
1440,US-CA-802,2014
1441,US-CA-803,2014
1442,US-CA-804,2014
1443,US-CA-807,2014
1444,US-OR-810,2014
1445,US-CA-811,2014
1446,US-CA-813,2014
1447,US-WA-819,2014
1448,US-OR-820,2014
1449,US-OR-821,2014
1450,US-CA-825,2014
1451,US-CA-828,2014
1452,US-NV-839,2014
1453,US-CA-855,2014
1454,US-CA-862,2014
1455,US-CA-866,2014
1456,US-CA-868,2014
1457,US-ID-881,2014
1458,US-ME-500,2014
1459,US-NJ-501,2014
1460,US-NY-502,2014
1461,US-GA-503,2014
1462,US-DE-504,2014
1463,US-MI-505,2014
1464,US-MA-506,2014
1465,US-GA-507,2014
1466,US-PA-508,2014
1467,US-IN-509,2014
1468,US-OH-510,2014
1469,US-WV-511,2014
1470,US-MD-512,2013
1471,US-MI-513,2013
1472,US-NY-514,2013
1473,US-IN-515,2013
1474,US-PA-516,2013
1475,US-NC-517,2013
1476,US-NC-518,2013
1477,US-SC-519,2013
1478,US-GA-520,2013
1479,US-MA-521,2013
1480,US-AL-522,2013
1481,US-NH-523,2013
1482,US-GA-524,2013
1483,US-GA-525,2013
1484,US-NY-526,2013
1485,US-IN-527,2013
1486,US-FL-528,2013
1487,US-IN-529,2013
1488,US-FL-530,2013
1489,US-KY-531,2013
1490,US-NY-532,2013
1491,US-CT-533,2013
1492,US-FL-534,2013
1493,US-OH-535,2013
1494,US-OH-536,2013
1495,US-ME-537,2013
1496,US-NY-538,2013
1497,US-FL-539,2013
1498,US-MI-540,2013
1499,US-KY-541,2013
1500,US-OH-542,2013
1501,US-MA-543,2013
1502,US-NC-544,2013
1503,US-NC-545,2013
1504,US-SC-546,2013
1505,US-MI-547,2013
1506,US-FL-548,2013
1507,US-NY-549,2013
1508,US-NC-550,2013
1509,US-MI-551,2013
1510,US-ME-552,2013
1511,US-MI-553,2013
1512,US-OH-554,2013
1513,US-NY-555,2013
1514,US-VA-556,2013
1515,US-KY-557,2013
1516,US-OH-558,2013
1517,US-VA-559,2013
1518,US-NC-560,2013
1519,US-FL-561,2013
1520,US-MI-563,2013
1521,US-KY-564,2013
1522,US-NY-565,2013
1523,US-PA-566,2013
1524,US-NC-567,2013
1525,US-VA-569,2013
1526,US-NC-570,2013
1527,US-FL-571,2013
1528,US-VA-573,2013
1529,US-PA-574,2013
1530,US-GA-575,2013
1531,US-DE-576,2013
1532,US-PA-577,2013
1533,US-IL-581,2013
1534,US-IN-582,2013
1535,US-MI-583,2013
1536,US-VA-584,2013
1537,US-IN-588,2013
1538,US-FL-592,2013
1539,US-OH-596,2013
1540,US-OH-597,2013
1541,US-WV-598,2013
1542,US-TX-600,2013
1543,US-IL-602,2013
1544,US-KS-603,2013
1545,US-MO-604,2013
1546,US-KS-605,2013
1547,US-AL-606,2013
1548,US-IL-609,2013
1549,US-IL-610,2013
1550,US-IA-611,2013
1551,US-AR-612,2013
1552,US-MN-613,2013
1553,US-KS-616,2013
1554,US-WI-617,2013
1555,US-TX-618,2013
1556,US-AR-619,2013
1557,US-LA-622,2013
1558,US-TX-623,2013
1559,US-IA-624,2013
1560,US-TX-625,2013
1561,US-TX-626,2013
1562,US-OK-627,2013
1563,US-AR-628,2013
1564,US-AL-630,2013
1565,US-IA-631,2013
1566,US-IL-632,2013
1567,US-TX-633,2013
1568,US-NM-634,2013
1569,US-TX-635,2013
1570,US-TX-636,2013
1571,US-IA-637,2013
1572,US-KS-638,2013
1573,US-TN-639,2013
1574,US-AR-640,2013
1575,US-TX-641,2013
1576,US-LA-642,2013
1577,US-LA-643,2013
1578,US-LA-644,2013
1579,US-MS-647,2013
1580,US-IL-648,2013
1581,US-IL-649,2013
1582,US-OK-650,2013
1583,US-TX-651,2013
1584,US-IA-652,2013
1585,US-FL-656,2013
1586,US-OK-657,2013
1587,US-WI-658,2013
1588,US-KY-659,2013
1589,US-TX-661,2013
1590,US-TX-662,2013
1591,US-WI-669,2013
1592,US-AR-670,2013
1593,US-OK-671,2013
1594,US-MS-673,2013
1595,US-IL-675,2013
1596,US-MN-676,2013
1597,US-KS-678,2013
1598,US-IA-679,2013
1599,US-IL-682,2013
1600,US-AL-686,2013
1601,US-MT-687,2013
1602,US-AL-691,2013
1603,US-TX-692,2013
1604,US-AR-693,2013
1605,US-AL-698,2013
1606,US-MN-702,2013
1607,US-WI-705,2013
1608,US-TX-709,2013
1609,US-MS-710,2013
1610,US-AL-711,2013
1611,US-LA-716,2013
1612,US-IL-717,2013
1613,US-MS-718,2013
1614,US-NE-722,2013
1615,US-MN-724,2013
1616,US-NE-725,2013
1617,US-AR-734,2013
1618,US-KY-736,2013
1619,US-MN-737,2013
1620,US-NE-740,2013
1621,US-AK-743,2013
1622,US-HI-744,2013
1623,US-AK-745,2013
1624,US-MS-746,2013
1625,US-AK-747,2013
1626,US-TX-749,2013
1627,US-CO-751,2013
1628,US-CO-752,2013
1629,US-AZ-753,2013
1630,US-MT-754,2013
1631,US-MT-755,2013
1632,US-MT-756,2013
1633,US-ID-757,2013
1634,US-ID-758,2013
1635,US-NE-759,2013
1636,US-ID-760,2013
1637,US-MT-762,2013
1638,US-SD-764,2013
1639,US-NM-765,2013
1640,US-MT-766,2013
1641,US-WY-767,2013
1642,US-NV-770,2013
1643,US-AZ-771,2013
1644,US-CO-773,2013
1645,US-AZ-789,2013
1646,US-NM-790,2013
1647,US-MT-798,2013
1648,US-CA-800,2013
1649,US-OR-801,2013
1650,US-CA-802,2013
1651,US-CA-803,2013
1652,US-CA-804,2013
1653,US-CA-807,2013
1654,US-OR-810,2013
1655,US-CA-811,2013
1656,US-CA-813,2013
1657,US-WA-819,2013
1658,US-OR-820,2013
1659,US-OR-821,2013
1660,US-CA-825,2013
1661,US-CA-828,2013
1662,US-NV-839,2013
1663,US-CA-855,2013
1664,US-CA-862,2013
1665,US-CA-866,2013
1666,US-CA-868,2013
1667,US-ID-881,2013
1668,US-ME-500,2013
1669,US-NJ-501,2013
1670,US-NY-502,2013
1671,US-GA-503,2013
1672,US-DE-504,2013
1673,US-MI-505,2013
1674,US-MA-506,2013
1675,US-GA-507,2013
1676,US-PA-508,2013
1677,US-IN-509,2013
1678,US-OH-510,2013
1679,US-WV-511,2013
1680,US-MD-512,2012
1681,US-MI-513,2012
1682,US-NY-514,2012
1683,US-IN-515,2012
1684,US-PA-516,2012
1685,US-NC-517,2012
1686,US-NC-518,2012
1687,US-SC-519,2012
1688,US-GA-520,2012
1689,US-MA-521,2012
1690,US-AL-522,2012
1691,US-NH-523,2012
1692,US-GA-524,2012
1693,US-GA-525,2012
1694,US-NY-526,2012
1695,US-IN-527,2012
1696,US-FL-528,2012
1697,US-IN-529,2012
1698,US-FL-530,2012
1699,US-KY-531,2012
1700,US-NY-532,2012
1701,US-CT-533,2012
1702,US-FL-534,2012
1703,US-OH-535,2012
1704,US-OH-536,2012
1705,US-ME-537,2012
1706,US-NY-538,2012
1707,US-FL-539,2012
1708,US-MI-540,2012
1709,US-KY-541,2012
1710,US-OH-542,2012
1711,US-MA-543,2012
1712,US-NC-544,2012
1713,US-NC-545,2012
1714,US-SC-546,2012
1715,US-MI-547,2012
1716,US-FL-548,2012
1717,US-NY-549,2012
1718,US-NC-550,2012
1719,US-MI-551,2012
1720,US-ME-552,2012
1721,US-MI-553,2012
1722,US-OH-554,2012
1723,US-NY-555,2012
1724,US-VA-556,2012
1725,US-KY-557,2012
1726,US-OH-558,2012
1727,US-VA-559,2012
1728,US-NC-560,2012
1729,US-FL-561,2012
1730,US-MI-563,2012
1731,US-KY-564,2012
1732,US-NY-565,2012
1733,US-PA-566,2012
1734,US-NC-567,2012
1735,US-VA-569,2012
1736,US-NC-570,2012
1737,US-FL-571,2012
1738,US-VA-573,2012
1739,US-PA-574,2012
1740,US-GA-575,2012
1741,US-DE-576,2012
1742,US-PA-577,2012
1743,US-IL-581,2012
1744,US-IN-582,2012
1745,US-MI-583,2012
1746,US-VA-584,2012
1747,US-IN-588,2012
1748,US-FL-592,2012
1749,US-OH-596,2012
1750,US-OH-597,2012
1751,US-WV-598,2012
1752,US-TX-600,2012
1753,US-IL-602,2012
1754,US-KS-603,2012
1755,US-MO-604,2012
1756,US-KS-605,2012
1757,US-AL-606,2012
1758,US-IL-609,2012
1759,US-IL-610,2012
1760,US-IA-611,2012
1761,US-AR-612,2012
1762,US-MN-613,2012
1763,US-KS-616,2012
1764,US-WI-617,2012
1765,US-TX-618,2012
1766,US-AR-619,2012
1767,US-LA-622,2012
1768,US-TX-623,2012
1769,US-IA-624,2012
1770,US-TX-625,2012
1771,US-TX-626,2012
1772,US-OK-627,2012
1773,US-AR-628,2012
1774,US-AL-630,2012
1775,US-IA-631,2012
1776,US-IL-632,2012
1777,US-TX-633,2012
1778,US-NM-634,2012
1779,US-TX-635,2012
1780,US-TX-636,2012
1781,US-IA-637,2012
1782,US-KS-638,2012
1783,US-TN-639,2012
1784,US-AR-640,2012
1785,US-TX-641,2012
1786,US-LA-642,2012
1787,US-LA-643,2012
1788,US-LA-644,2012
1789,US-MS-647,2012
1790,US-IL-648,2012
1791,US-IL-649,2012
1792,US-OK-650,2012
1793,US-TX-651,2012
1794,US-IA-652,2012
1795,US-FL-656,2012
1796,US-OK-657,2012
1797,US-WI-658,2012
1798,US-KY-659,2012
1799,US-TX-661,2012
1800,US-TX-662,2012
1801,US-WI-669,2012
1802,US-AR-670,2012
1803,US-OK-671,2012
1804,US-MS-673,2012
1805,US-IL-675,2012
1806,US-MN-676,2012
1807,US-KS-678,2012
1808,US-IA-679,2012
1809,US-IL-682,2012
1810,US-AL-686,2012
1811,US-MT-687,2012
1812,US-AL-691,2012
1813,US-TX-692,2012
1814,US-AR-693,2012
1815,US-AL-698,2012
1816,US-MN-702,2012
1817,US-WI-705,2012
1818,US-TX-709,2012
1819,US-MS-710,2012
1820,US-AL-711,2012
1821,US-LA-716,2012
1822,US-IL-717,2012
1823,US-MS-718,2012
1824,US-NE-722,2012
1825,US-MN-724,2012
1826,US-NE-725,2012
1827,US-AR-734,2012
1828,US-KY-736,2012
1829,US-MN-737,2012
1830,US-NE-740,2012
1831,US-AK-743,2012
1832,US-HI-744,2012
1833,US-AK-745,2012
1834,US-MS-746,2012
1835,US-AK-747,2012
1836,US-TX-749,2012
1837,US-CO-751,2012
1838,US-CO-752,2012
1839,US-AZ-753,2012
1840,US-MT-754,2012
1841,US-MT-755,2012
1842,US-MT-756,2012
1843,US-ID-757,2012
1844,US-ID-758,2012
1845,US-NE-759,2012
1846,US-ID-760,2012
1847,US-MT-762,2012
1848,US-SD-764,2012
1849,US-NM-765,2012
1850,US-MT-766,2012
1851,US-WY-767,2012
1852,US-NV-770,2012
1853,US-AZ-771,2012
1854,US-CO-773,2012
1855,US-AZ-789,2012
1856,US-NM-790,2012
1857,US-MT-798,2012
1858,US-CA-800,2012
1859,US-OR-801,2012
1860,US-CA-802,2012
1861,US-CA-803,2012
1862,US-CA-804,2012
1863,US-CA-807,2012
1864,US-OR-810,2012
1865,US-CA-811,2012
1866,US-CA-813,2012
1867,US-WA-819,2012
1868,US-OR-820,2012
1869,US-OR-821,2012
1870,US-CA-825,2012
1871,US-CA-828,2012
1872,US-NV-839,2012
1873,US-CA-855,2012
1874,US-CA-862,2012
1875,US-CA-866,2012
1876,US-CA-868,2012
1877,US-ID-881,2012
1878,US-ME-500,2012
1879,US-NJ-501,2012
1880,US-NY-502,2012
1881,US-GA-503,2012
1882,US-DE-504,2012
1883,US-MI-505,2012
1884,US-MA-506,2012
1885,US-GA-507,2012
1886,US-PA-508,2012
1887,US-IN-509,2012
1888,US-OH-510,2012
1889,US-WV-511,2012
1890,US-MD-512,2011
1891,US-MI-513,2011
1892,US-NY-514,2011
1893,US-IN-515,2011
1894,US-PA-516,2011
1895,US-NC-517,2011
1896,US-NC-518,2011
1897,US-SC-519,2011
1898,US-GA-520,2011
1899,US-MA-521,2011
1900,US-AL-522,2011
1901,US-NH-523,2011
1902,US-GA-524,2011
1903,US-GA-525,2011
1904,US-NY-526,2011
1905,US-IN-527,2011
1906,US-FL-528,2011
1907,US-IN-529,2011
1908,US-FL-530,2011
1909,US-KY-531,2011
1910,US-NY-532,2011
1911,US-CT-533,2011
1912,US-FL-534,2011
1913,US-OH-535,2011
1914,US-OH-536,2011
1915,US-ME-537,2011
1916,US-NY-538,2011
1917,US-FL-539,2011
1918,US-MI-540,2011
1919,US-KY-541,2011
1920,US-OH-542,2011
1921,US-MA-543,2011
1922,US-NC-544,2011
1923,US-NC-545,2011
1924,US-SC-546,2011
1925,US-MI-547,2011
1926,US-FL-548,2011
1927,US-NY-549,2011
1928,US-NC-550,2011
1929,US-MI-551,2011
1930,US-ME-552,2011
1931,US-MI-553,2011
1932,US-OH-554,2011
1933,US-NY-555,2011
1934,US-VA-556,2011
1935,US-KY-557,2011
1936,US-OH-558,2011
1937,US-VA-559,2011
1938,US-NC-560,2011
1939,US-FL-561,2011
1940,US-MI-563,2011
1941,US-KY-564,2011
1942,US-NY-565,2011
1943,US-PA-566,2011
1944,US-NC-567,2011
1945,US-VA-569,2011
1946,US-NC-570,2011
1947,US-FL-571,2011
1948,US-VA-573,2011
1949,US-PA-574,2011
1950,US-GA-575,2011
1951,US-DE-576,2011
1952,US-PA-577,2011
1953,US-IL-581,2011
1954,US-IN-582,2011
1955,US-MI-583,2011
1956,US-VA-584,2011
1957,US-IN-588,2011
1958,US-FL-592,2011
1959,US-OH-596,2011
1960,US-OH-597,2011
1961,US-WV-598,2011
1962,US-TX-600,2011
1963,US-IL-602,2011
1964,US-KS-603,2011
1965,US-MO-604,2011
1966,US-KS-605,2011
1967,US-AL-606,2011
1968,US-IL-609,2011
1969,US-IL-610,2011
1970,US-IA-611,2011
1971,US-AR-612,2011
1972,US-MN-613,2011
1973,US-KS-616,2011
1974,US-WI-617,2011
1975,US-TX-618,2011
1976,US-AR-619,2011
1977,US-LA-622,2011
1978,US-TX-623,2011
1979,US-IA-624,2011
1980,US-TX-625,2011
1981,US-TX-626,2011
1982,US-OK-627,2011
1983,US-AR-628,2011
1984,US-AL-630,2011
1985,US-IA-631,2011
1986,US-IL-632,2011
1987,US-TX-633,2011
1988,US-NM-634,2011
1989,US-TX-635,2011
1990,US-TX-636,2011
1991,US-IA-637,2011
1992,US-KS-638,2011
1993,US-TN-639,2011
1994,US-AR-640,2011
1995,US-TX-641,2011
1996,US-LA-642,2011
1997,US-LA-643,2011
1998,US-LA-644,2011
1999,US-MS-647,2011
2000,US-IL-648,2011
2001,US-IL-649,2011
2002,US-OK-650,2011
2003,US-TX-651,2011
2004,US-IA-652,2011
2005,US-FL-656,2011
2006,US-OK-657,2011
2007,US-WI-658,2011
2008,US-KY-659,2011
2009,US-TX-661,2011
2010,US-TX-662,2011
2011,US-WI-669,2011
2012,US-AR-670,2011
2013,US-OK-671,2011
2014,US-MS-673,2011
2015,US-IL-675,2011
2016,US-MN-676,2011
2017,US-KS-678,2011
2018,US-IA-679,2011
2019,US-IL-682,2011
2020,US-AL-686,2011
2021,US-MT-687,2011
2022,US-AL-691,2011
2023,US-TX-692,2011
2024,US-AR-693,2011
2025,US-AL-698,2011
2026,US-MN-702,2011
2027,US-WI-705,2011
2028,US-TX-709,2011
2029,US-MS-710,2011
2030,US-AL-711,2011
2031,US-LA-716,2011
2032,US-IL-717,2011
2033,US-MS-718,2011
2034,US-NE-722,2011
2035,US-MN-724,2011
2036,US-NE-725,2011
2037,US-AR-734,2011
2038,US-KY-736,2011
2039,US-MN-737,2011
2040,US-NE-740,2011
2041,US-AK-743,2011
2042,US-HI-744,2011
2043,US-AK-745,2011
2044,US-MS-746,2011
2045,US-AK-747,2011
2046,US-TX-749,2011
2047,US-CO-751,2011
2048,US-CO-752,2011
2049,US-AZ-753,2011
2050,US-MT-754,2011
2051,US-MT-755,2011
2052,US-MT-756,2011
2053,US-ID-757,2011
2054,US-ID-758,2011
2055,US-NE-759,2011
2056,US-ID-760,2011
2057,US-MT-762,2011
2058,US-SD-764,2011
2059,US-NM-765,2011
2060,US-MT-766,2011
2061,US-WY-767,2011
2062,US-NV-770,2011
2063,US-AZ-771,2011
2064,US-CO-773,2011
2065,US-AZ-789,2011
2066,US-NM-790,2011
2067,US-MT-798,2011
2068,US-CA-800,2011
2069,US-OR-801,2011
2070,US-CA-802,2011
2071,US-CA-803,2011
2072,US-CA-804,2011
2073,US-CA-807,2011
2074,US-OR-810,2011
2075,US-CA-811,2011
2076,US-CA-813,2011
2077,US-WA-819,2011
2078,US-OR-820,2011
2079,US-OR-821,2011
2080,US-CA-825,2011
2081,US-CA-828,2011
2082,US-NV-839,2011
2083,US-CA-855,2011
2084,US-CA-862,2011
2085,US-CA-866,2011
2086,US-CA-868,2011
2087,US-ID-881,2011
2088,US-ME-500,2011
2089,US-NJ-501,2011
2090,US-NY-502,2011
2091,US-GA-503,2011
2092,US-DE-504,2011
2093,US-MI-505,2011
2094,US-MA-506,2011
2095,US-GA-507,2011
2096,US-PA-508,2011
2097,US-IN-509,2011
2098,US-OH-510,2011
2099,US-WV-511,2011
2100,US-MD-512,2021
2101,US-MI-513,2021
2102,US-NY-514,2021
2103,US-IN-515,2021
2104,US-PA-516,2021
2105,US-NC-517,2021
2106,US-NC-518,2021
2107,US-SC-519,2021
2108,US-GA-520,2021
2109,US-MA-521,2021
2110,US-AL-522,2021
2111,US-NH-523,2021
2112,US-GA-524,2021
2113,US-GA-525,2021
2114,US-NY-526,2021
2115,US-IN-527,2021
2116,US-FL-528,2021
2117,US-IN-529,2021
2118,US-FL-530,2021
2119,US-KY-531,2021
2120,US-NY-532,2021
2121,US-CT-533,2021
2122,US-FL-534,2021
2123,US-OH-535,2021
2124,US-OH-536,2021
2125,US-ME-537,2021
2126,US-NY-538,2021
2127,US-FL-539,2021
2128,US-MI-540,2021
2129,US-KY-541,2021
2130,US-OH-542,2021
2131,US-MA-543,2021
2132,US-NC-544,2021
2133,US-NC-545,2021
2134,US-SC-546,2021
2135,US-MI-547,2021
2136,US-FL-548,2021
2137,US-NY-549,2021
2138,US-NC-550,2021
2139,US-MI-551,2021
2140,US-ME-552,2021
2141,US-MI-553,2021
2142,US-OH-554,2021
2143,US-NY-555,2021
2144,US-VA-556,2021
2145,US-KY-557,2021
2146,US-OH-558,2021
2147,US-VA-559,2021
2148,US-NC-560,2021
2149,US-FL-561,2021
2150,US-MI-563,2021
2151,US-KY-564,2021
2152,US-NY-565,2021
2153,US-PA-566,2021
2154,US-NC-567,2021
2155,US-VA-569,2021
2156,US-NC-570,2021
2157,US-FL-571,2021
2158,US-VA-573,2021
2159,US-PA-574,2021
2160,US-GA-575,2021
2161,US-DE-576,2021
2162,US-PA-577,2021
2163,US-IL-581,2021
2164,US-IN-582,2021
2165,US-MI-583,2021
2166,US-VA-584,2021
2167,US-IN-588,2021
2168,US-FL-592,2021
2169,US-OH-596,2021
2170,US-OH-597,2021
2171,US-WV-598,2021
2172,US-TX-600,2021
2173,US-IL-602,2021
2174,US-KS-603,2021
2175,US-MO-604,2021
2176,US-KS-605,2021
2177,US-AL-606,2021
2178,US-IL-609,2021
2179,US-IL-610,2021
2180,US-IA-611,2021
2181,US-AR-612,2021
2182,US-MN-613,2021
2183,US-KS-616,2021
2184,US-WI-617,2021
2185,US-TX-618,2021
2186,US-AR-619,2021
2187,US-LA-622,2021
2188,US-TX-623,2021
2189,US-IA-624,2021
2190,US-TX-625,2021
2191,US-TX-626,2021
2192,US-OK-627,2021
2193,US-AR-628,2021
2194,US-AL-630,2021
2195,US-IA-631,2021
2196,US-IL-632,2021
2197,US-TX-633,2021
2198,US-NM-634,2021
2199,US-TX-635,2021
2200,US-TX-636,2021
2201,US-IA-637,2021
2202,US-KS-638,2021
2203,US-TN-639,2021
2204,US-AR-640,2021
2205,US-TX-641,2021
2206,US-LA-642,2021
2207,US-LA-643,2021
2208,US-LA-644,2021
2209,US-MS-647,2021
2210,US-IL-648,2021
2211,US-IL-649,2021
2212,US-OK-650,2021
2213,US-TX-651,2021
2214,US-IA-652,2021
2215,US-FL-656,2021
2216,US-OK-657,2021
2217,US-WI-658,2021
2218,US-KY-659,2021
2219,US-TX-661,2021
2220,US-TX-662,2021
2221,US-WI-669,2021
2222,US-AR-670,2021
2223,US-OK-671,2021
2224,US-MS-673,2021
2225,US-IL-675,2021
2226,US-MN-676,2021
2227,US-KS-678,2021
2228,US-IA-679,2021
2229,US-IL-682,2021
2230,US-AL-686,2021
2231,US-MT-687,2021
2232,US-AL-691,2021
2233,US-TX-692,2021
2234,US-AR-693,2021
2235,US-AL-698,2021
2236,US-MN-702,2021
2237,US-WI-705,2021
2238,US-TX-709,2021
2239,US-MS-710,2021
2240,US-AL-711,2021
2241,US-LA-716,2021
2242,US-IL-717,2021
2243,US-MS-718,2021
2244,US-NE-722,2021
2245,US-MN-724,2021
2246,US-NE-725,2021
2247,US-AR-734,2021
2248,US-KY-736,2021
2249,US-MN-737,2021
2250,US-NE-740,2021
2251,US-AK-743,2021
2252,US-HI-744,2021
2253,US-AK-745,2021
2254,US-MS-746,2021
2255,US-AK-747,2021
2256,US-TX-749,2021
2257,US-CO-751,2021
2258,US-CO-752,2021
2259,US-AZ-753,2021
2260,US-MT-754,2021
2261,US-MT-755,2021
2262,US-MT-756,2021
2263,US-ID-757,2021
2264,US-ID-758,2021
2265,US-NE-759,2021
2266,US-ID-760,2021
2267,US-MT-762,2021
2268,US-SD-764,2021
2269,US-NM-765,2021
2270,US-MT-766,2021
2271,US-WY-767,2021
2272,US-NV-770,2021
2273,US-AZ-771,2021
2274,US-CO-773,2021
2275,US-AZ-789,2021
2276,US-NM-790,2021
2277,US-MT-798,2021
2278,US-CA-800,2021
2279,US-OR-801,2021
2280,US-CA-802,2021
2281,US-CA-803,2021
2282,US-CA-804,2021
2283,US-CA-807,2021
2284,US-OR-810,2021
2285,US-CA-811,2021
2286,US-CA-813,2021
2287,US-WA-819,2021
2288,US-OR-820,2021
2289,US-OR-821,2021
2290,US-CA-825,2021
2291,US-CA-828,2021
2292,US-NV-839,2021
2293,US-CA-855,2021
2294,US-CA-862,2021
2295,US-CA-866,2021
2296,US-CA-868,2021
2297,US-ID-881,2021
2298,US-ME-500,2021
2299,US-NJ-501,2021
2300,US-NY-502,2021
2301,US-GA-503,2021
2302,US-DE-504,2021
2303,US-MI-505,2021
2304,US-MA-506,2021
2305,US-GA-507,2021
2306,US-PA-508,2021
2307,US-IN-509,2021
2308,US-OH-510,2021
2309,US-WV-511,2021
